cs	Select by text…	Vybrat podle textu…
de	Select by text…	Per Text auswählen…
es	Select by text…	Seleccionar por texto…
fr	Select by text…	Sélectionner par texte…
id	Select by text…	Pilih berdasarkan teks…
it	Select by text…	Seleziona per testo…
ja	Select by text…	テキストで選択…
ko	Select by text…	텍스트로 선택…
pl	Select by text…	Zaznacz według tekstu…
pt-br	Select by text…	Selecionar por texto…
ru	Select by text…	Выделить по тексту…
zh-hans	Select by text…	按文字选择…
zh-hant	Select by text…	依文字選取…
cs	Click an object, or drag a rectangle around it	Klikněte na objekt nebo kolem něj natáhněte obdélník
de	Click an object, or drag a rectangle around it	Auf ein Objekt klicken oder ein Rechteck darum ziehen
es	Click an object, or drag a rectangle around it	Haz clic en un objeto o arrastra un rectángulo a su alrededor
fr	Click an object, or drag a rectangle around it	Cliquez sur un objet ou tracez un rectangle autour
id	Click an object, or drag a rectangle around it	Klik objek, atau seret persegi panjang di sekitarnya
it	Click an object, or drag a rectangle around it	Fai clic su un oggetto o traccia un rettangolo attorno
ja	Click an object, or drag a rectangle around it	オブジェクトをクリックするか、周囲を矩形で囲んでください
ko	Click an object, or drag a rectangle around it	개체를 클릭하거나 주위에 사각형을 드래그하세요
pl	Click an object, or drag a rectangle around it	Kliknij obiekt lub przeciągnij wokół niego prostokąt
pt-br	Click an object, or drag a rectangle around it	Clique em um objeto ou arraste um retângulo ao redor dele
ru	Click an object, or drag a rectangle around it	Щёлкните объект или обведите его прямоугольником
zh-hans	Click an object, or drag a rectangle around it	点击对象，或在其周围拖出矩形
zh-hant	Click an object, or drag a rectangle around it	點按物件，或在其周圍拖曳矩形
cs	Select by Point	Vybrat bodem
de	Select by Point	Per Punkt auswählen
es	Select by Point	Seleccionar por punto
fr	Select by Point	Sélectionner par point
id	Select by Point	Pilih berdasarkan titik
it	Select by Point	Seleziona per punto
ja	Select by Point	ポイントで選択
ko	Select by Point	점으로 선택
pl	Select by Point	Zaznacz punktem
pt-br	Select by Point	Selecionar por ponto
ru	Select by Point	Выделить по точке
zh-hans	Select by Point	按点选择
zh-hant	Select by Point	依點選取
cs	Select by Text	Vybrat podle textu
de	Select by Text	Per Text auswählen
es	Select by Text	Seleccionar por texto
fr	Select by Text	Sélectionner par texte
id	Select by Text	Pilih berdasarkan teks
it	Select by Text	Seleziona per testo
ja	Select by Text	テキストで選択
ko	Select by Text	텍스트로 선택
pl	Select by Text	Zaznacz według tekstu
pt-br	Select by Text	Selecionar por texto
ru	Select by Text	Выделить по тексту
zh-hans	Select by Text	按文字选择
zh-hant	Select by Text	依文字選取
